id,index
mol_0,0
mol_1,1
mol_2,2
mol_3,3
mol_4,4
mol_5,5
mol_6,6
mol_7,7
mol_8,8
mol_9,9
mol_10,10
mol_11,11
mol_12,12
mol_13,13
mol_14,14
mol_15,15
mol_16,16
mol_17,17
mol_18,18
mol_19,19
mol_20,20
mol_21,21
mol_22,22
mol_23,23
mol_24,24
mol_25,25
mol_26,26
mol_27,27
mol_28,28
mol_29,29
mol_30,30
mol_31,31
mol_32,32
mol_33,33
mol_34,34
mol_35,35
mol_36,36
mol_37,37
mol_38,38
mol_39,39
mol_40,40
mol_41,41
mol_42,42
mol_43,43
mol_44,44
mol_45,45
mol_46,46
mol_47,47
mol_48,48
mol_49,49
mol_50,50
mol_51,51
mol_52,52
mol_53,53
mol_54,54
mol_55,55
mol_56,56
mol_57,57
mol_58,58
mol_59,59
mol_60,60
mol_61,61
mol_62,62
mol_63,63
mol_64,64
mol_65,65
mol_66,66
mol_67,67
mol_68,68
mol_69,69
mol_70,70
mol_71,71
mol_72,72
mol_73,73
mol_74,74
mol_75,75
mol_76,76
mol_77,77
mol_78,78
mol_79,79
mol_80,80
mol_81,81
mol_82,82
mol_83,83
mol_84,84
mol_85,85
mol_86,86
mol_87,87
mol_88,88
mol_89,89
mol_90,90
mol_91,91
mol_92,92
mol_93,93
mol_94,94
mol_95,95
mol_96,96
mol_97,97
mol_98,98
mol_99,99
mol_100,100
mol_101,101
mol_102,102
mol_103,103
mol_104,104
mol_105,105
mol_106,106
mol_107,107
mol_108,108
mol_109,109
mol_110,110
mol_111,111
mol_112,112
mol_113,113
mol_114,114
mol_115,115
mol_116,116
mol_117,117
mol_118,118
mol_119,119
mol_120,120
mol_121,121
mol_122,122
mol_123,123
mol_124,124
mol_125,125
mol_126,126
mol_127,127
mol_128,128
mol_129,129
mol_130,130
mol_131,131
mol_132,132
mol_133,133
mol_134,134
mol_135,135
mol_136,136
mol_137,137
mol_138,138
mol_139,139
mol_140,140
mol_141,141
mol_142,142
mol_143,143
mol_144,144
mol_145,145
mol_146,146
mol_147,147
mol_148,148
mol_149,149
mol_150,150
mol_151,151
mol_152,152
mol_153,153
mol_154,154
mol_155,155
mol_156,156
mol_157,157
mol_158,158
mol_159,159
mol_160,160
mol_161,161
mol_162,162
mol_163,163
mol_164,164
mol_165,165
mol_166,166
mol_167,167
mol_168,168
mol_169,169
mol_170,170
mol_171,171
mol_172,172
mol_173,173
mol_174,174
mol_175,175
mol_176,176
mol_177,177
mol_178,178
mol_179,179
mol_180,180
mol_181,181
mol_182,182
mol_183,183
mol_184,184
mol_185,185
mol_186,186
mol_187,187
mol_188,188
mol_189,189
mol_190,190
mol_191,191
mol_192,192
mol_193,193
mol_194,194
mol_195,195
mol_196,196
mol_197,197
mol_198,198
mol_199,199
mol_200,200
mol_201,201
mol_202,202
mol_203,203
mol_204,204
mol_205,205
mol_206,206
mol_207,207
mol_208,208
mol_209,209
mol_210,210
mol_211,211
mol_212,212
mol_213,213
mol_214,214
mol_215,215
mol_216,216
mol_217,217
mol_218,218
mol_219,219
mol_220,220
mol_221,221
mol_222,222
mol_223,223
mol_224,224
mol_225,225
mol_226,226
mol_227,227
mol_228,228
mol_229,229
mol_230,230
mol_231,231
mol_232,232
mol_233,233
mol_234,234
mol_235,235
mol_236,236
mol_237,237
mol_238,238
mol_239,239
mol_240,240
mol_241,241
mol_242,242
mol_243,243
mol_244,244
mol_245,245
mol_246,246
mol_247,247
mol_248,248
mol_249,249
mol_250,250
mol_251,251
mol_252,252
mol_253,253
mol_254,254
mol_255,255
mol_256,256
mol_257,257
mol_258,258
mol_259,259
mol_260,260
mol_261,261
mol_262,262
mol_263,263
mol_264,264
mol_265,265
mol_266,266
mol_267,267
mol_268,268
mol_269,269
mol_270,270
mol_271,271
mol_272,272
mol_273,273
mol_274,274
mol_275,275
mol_276,276
mol_277,277
mol_278,278
mol_279,279
mol_280,280
mol_281,281
mol_282,282
mol_283,283
mol_284,284
mol_285,285
mol_286,286
mol_287,287
mol_288,288
mol_289,289
mol_290,290
mol_291,291
mol_292,292
mol_293,293
mol_294,294
mol_295,295
mol_296,296
mol_297,297
mol_298,298
mol_299,299
mol_300,300
mol_301,301
mol_302,302
mol_303,303
mol_304,304
mol_305,305
mol_306,306
mol_307,307
mol_308,308
mol_309,309
mol_310,310
mol_311,311
mol_312,312
mol_313,313
mol_314,314
mol_315,315
mol_316,316
mol_317,317
mol_318,318
mol_319,319
mol_320,320
mol_321,321
mol_322,322
mol_323,323
mol_324,324
mol_325,325
mol_326,326
mol_327,327
mol_328,328
mol_329,329
mol_330,330
mol_331,331
mol_332,332
mol_333,333
mol_334,334
mol_335,335
mol_336,336
mol_337,337
mol_338,338
mol_339,339
mol_340,340
mol_341,341
mol_342,342
mol_343,343
mol_344,344
mol_345,345
mol_346,346
mol_347,347
mol_348,348
mol_349,349
mol_350,350
mol_351,351
mol_352,352
mol_353,353
mol_354,354
mol_355,355
mol_356,356
mol_357,357
mol_358,358
mol_359,359
mol_360,360
mol_361,361
mol_362,362
mol_363,363
mol_364,364
mol_365,365
mol_366,366
mol_367,367
mol_368,368
mol_369,369
mol_370,370
mol_371,371
mol_372,372
mol_373,373
mol_374,374
mol_375,375
mol_376,376
mol_377,377
mol_378,378
mol_379,379
mol_380,380
mol_381,381
mol_382,382
mol_383,383
mol_384,384
mol_385,385
mol_386,386
mol_387,387
mol_388,388
mol_389,389
mol_390,390
mol_391,391
mol_392,392
mol_393,393
mol_394,394
mol_395,395
mol_396,396
mol_397,397
mol_398,398
mol_399,399
mol_400,400
mol_401,401
mol_402,402
mol_403,403
mol_404,404
mol_405,405
mol_406,406
mol_407,407
mol_408,408
mol_409,409
mol_410,410
mol_411,411
mol_412,412
mol_413,413
mol_414,414
mol_415,415
mol_416,416
mol_417,417
mol_418,418
mol_419,419
mol_420,420
mol_421,421
mol_422,422
mol_423,423
mol_424,424
mol_425,425
mol_426,426
mol_427,427
mol_428,428
mol_429,429
mol_430,430
mol_431,431
mol_432,432
mol_433,433
mol_434,434
mol_435,435
mol_436,436
mol_437,437
mol_438,438
mol_439,439
mol_440,440
mol_441,441
mol_442,442
mol_443,443
mol_444,444
mol_445,445
mol_446,446
mol_447,447
mol_448,448
mol_449,449
mol_450,450
mol_451,451
mol_452,452
mol_453,453
mol_454,454
mol_455,455
mol_456,456
mol_457,457
mol_458,458
mol_459,459
mol_460,460
mol_461,461
mol_462,462
mol_463,463
mol_464,464
mol_465,465
mol_466,466
mol_467,467
mol_468,468
mol_469,469
mol_470,470
mol_471,471
mol_472,472
mol_473,473
mol_474,474
mol_475,475
mol_476,476
mol_477,477
mol_478,478
mol_479,479
mol_480,480
mol_481,481
mol_482,482
mol_483,483
mol_484,484
mol_485,485
mol_486,486
mol_487,487
mol_488,488
mol_489,489
mol_490,490
mol_491,491
mol_492,492
mol_493,493
mol_494,494
mol_495,495
mol_496,496
mol_497,497
mol_498,498
mol_499,499
mol_500,500
mol_501,501
mol_502,502
mol_503,503
mol_504,504
mol_505,505
mol_506,506
mol_507,507
mol_508,508
mol_509,509
mol_510,510
mol_511,511
mol_512,512
mol_513,513
mol_514,514
mol_515,515
mol_516,516
mol_517,517
mol_518,518
mol_519,519
mol_520,520
mol_521,521
mol_522,522
mol_523,523
mol_524,524
mol_525,525
mol_526,526
mol_527,527
mol_528,528
mol_529,529
mol_530,530
mol_531,531
mol_532,532
mol_533,533
mol_534,534
mol_535,535
mol_536,536
mol_537,537
mol_538,538
mol_539,539
mol_540,540
mol_541,541
mol_542,542
mol_543,543
mol_544,544
mol_545,545
mol_546,546
mol_547,547
mol_548,548
mol_549,549
mol_550,550
mol_551,551
mol_552,552
mol_553,553
mol_554,554
mol_555,555
mol_556,556
mol_557,557
mol_558,558
mol_559,559
mol_560,560
mol_561,561
mol_562,562
mol_563,563
mol_564,564
mol_565,565
mol_566,566
mol_567,567
mol_568,568
mol_569,569
mol_570,570
mol_571,571
mol_572,572
mol_573,573
mol_574,574
mol_575,575
mol_576,576
mol_577,577
mol_578,578
mol_579,579
mol_580,580
mol_581,581
mol_582,582
mol_583,583
mol_584,584
mol_585,585
mol_586,586
mol_587,587
mol_588,588
mol_589,589
mol_590,590
mol_591,591
mol_592,592
mol_593,593
mol_594,594
mol_595,595
mol_596,596
mol_597,597
mol_598,598
mol_599,599
mol_600,600
mol_601,601
mol_602,602
mol_603,603
mol_604,604
mol_605,605
mol_606,606
mol_607,607
mol_608,608
mol_609,609
mol_610,610
mol_611,611
mol_612,612
mol_613,613
mol_614,614
mol_615,615
mol_616,616
mol_617,617
mol_618,618
mol_619,619
mol_620,620
mol_621,621
mol_622,622
mol_623,623
mol_624,624
mol_625,625
mol_626,626
mol_627,627
mol_628,628
mol_629,629
mol_630,630
mol_631,631
mol_632,632
mol_633,633
mol_634,634
mol_635,635
mol_636,636
mol_637,637
mol_638,638
mol_639,639
mol_640,640
mol_641,641
mol_642,642
mol_643,643
mol_644,644
mol_645,645
mol_646,646
mol_647,647
mol_648,648
mol_649,649
mol_650,650
mol_651,651
mol_652,652
mol_653,653
mol_654,654
mol_655,655
mol_656,656
mol_657,657
mol_658,658
mol_659,659
mol_660,660
mol_661,661
mol_662,662
mol_663,663
mol_664,664
mol_665,665
mol_666,666
mol_667,667
mol_668,668
mol_669,669
mol_670,670
mol_671,671
mol_672,672
mol_673,673
mol_674,674
mol_675,675
mol_676,676
mol_677,677
mol_678,678
mol_679,679
mol_680,680
mol_681,681
mol_682,682
mol_683,683
mol_684,684
mol_685,685
mol_686,686
mol_687,687
mol_688,688
mol_689,689
mol_690,690
mol_691,691
mol_692,692
mol_693,693
mol_694,694
mol_695,695
mol_696,696
mol_697,697
mol_698,698
mol_699,699
mol_700,700
mol_701,701
mol_702,702
mol_703,703
mol_704,704
mol_705,705
mol_706,706
mol_707,707
mol_708,708
mol_709,709
mol_710,710
mol_711,711
mol_712,712
mol_713,713
mol_714,714
mol_715,715
mol_716,716
mol_717,717
mol_718,718
mol_719,719
mol_720,720
mol_721,721
mol_722,722
mol_723,723
mol_724,724
mol_725,725
mol_726,726
mol_727,727
mol_728,728
mol_729,729
mol_730,730
mol_731,731
mol_732,732
mol_733,733
mol_734,734
mol_735,735
mol_736,736
mol_737,737
mol_738,738
mol_739,739
mol_740,740
mol_741,741
mol_742,742
mol_743,743
mol_744,744
mol_745,745
mol_746,746
mol_747,747
mol_748,748
mol_749,749
mol_750,750
mol_751,751
mol_752,752
mol_753,753
mol_754,754
mol_755,755
mol_756,756
mol_757,757
mol_758,758
mol_759,759
mol_760,760
mol_761,761
mol_762,762
mol_763,763
mol_764,764
mol_765,765
mol_766,766
mol_767,767
mol_768,768
mol_769,769
mol_770,770
mol_771,771
mol_772,772
mol_773,773
mol_774,774
mol_775,775
mol_776,776
mol_777,777
mol_778,778
mol_779,779
mol_780,780
mol_781,781
mol_782,782
mol_783,783
mol_784,784
mol_785,785
mol_786,786
mol_787,787
mol_788,788
mol_789,789
mol_790,790
mol_791,791
mol_792,792
mol_793,793
mol_794,794
mol_795,795
mol_796,796
mol_797,797
mol_798,798
mol_799,799
mol_800,800
mol_801,801
mol_802,802
mol_803,803
mol_804,804
mol_805,805
mol_806,806
mol_807,807
mol_808,808
mol_809,809
mol_810,810
mol_811,811
mol_812,812
mol_813,813
mol_814,814
mol_815,815
mol_816,816
mol_817,817
mol_818,818
mol_819,819
mol_820,820
mol_821,821
mol_822,822
mol_823,823
mol_824,824
mol_825,825
mol_826,826
mol_827,827
mol_828,828
mol_829,829
mol_830,830
mol_831,831
mol_832,832
mol_833,833
mol_834,834
mol_835,835
mol_836,836
mol_837,837
mol_838,838
mol_839,839
mol_840,840
mol_841,841
mol_842,842
mol_843,843
mol_844,844
mol_845,845
mol_846,846
mol_847,847
mol_848,848
mol_849,849
mol_850,850
mol_851,851
mol_852,852
mol_853,853
mol_854,854
mol_855,855
mol_856,856
mol_857,857
mol_858,858
mol_859,859
mol_860,860
mol_861,861
mol_862,862
mol_863,863
mol_864,864
mol_865,865
mol_866,866
mol_867,867
mol_868,868
mol_869,869
mol_870,870
mol_871,871
mol_872,872
mol_873,873
mol_874,874
mol_875,875
mol_876,876
mol_877,877
mol_878,878
mol_879,879
mol_880,880
mol_881,881
mol_882,882
mol_883,883
mol_884,884
mol_885,885
mol_886,886
mol_887,887
mol_888,888
mol_889,889
mol_890,890
mol_891,891
mol_892,892
mol_893,893
mol_894,894
mol_895,895
mol_896,896
mol_897,897
mol_898,898
mol_899,899
mol_900,900
mol_901,901
mol_902,902
mol_903,903
mol_904,904
mol_905,905
mol_906,906
mol_907,907
mol_908,908
mol_909,909
mol_910,910
mol_911,911
mol_912,912
mol_913,913
mol_914,914
mol_915,915
mol_916,916
mol_917,917
mol_918,918
mol_919,919
mol_920,920
mol_921,921
mol_922,922
mol_923,923
mol_924,924
mol_925,925
mol_926,926
mol_927,927
mol_928,928
mol_929,929
mol_930,930
mol_931,931
mol_932,932
mol_933,933
mol_934,934
mol_935,935
mol_936,936
mol_937,937
mol_938,938
mol_939,939
mol_940,940
mol_941,941
mol_942,942
mol_943,943
mol_944,944
mol_945,945
mol_946,946
mol_947,947
mol_948,948
mol_949,949
mol_950,950
mol_951,951
mol_952,952
mol_953,953
mol_954,954
mol_955,955
mol_956,956
mol_957,957
mol_958,958
mol_959,959
mol_960,960
mol_961,961
mol_962,962
mol_963,963
mol_964,964
mol_965,965
mol_966,966
mol_967,967
mol_968,968
mol_969,969
mol_970,970
mol_971,971
mol_972,972
mol_973,973
mol_974,974
mol_975,975
mol_976,976
mol_977,977
mol_978,978
mol_979,979
mol_980,980
mol_981,981
mol_982,982
mol_983,983
mol_984,984
mol_985,985
mol_986,986
mol_987,987
mol_988,988
mol_989,989
mol_990,990
mol_991,991
mol_992,992
mol_993,993
mol_994,994
mol_995,995
mol_996,996
mol_997,997
mol_998,998
mol_999,999