id,molecular_weight,logp,num_h_donors,num_h_acceptors,num_rotatable_bonds,num_aromatic_rings,tpsa,num_atoms
mol_0,457.4320000000001,-3.1080199999999985,7,12,7,1,202.31999999999996,32
mol_1,201.22500000000002,2.840320000000001,1,2,2,2,42.24,15
mol_2,152.237,2.878000000000001,0,1,4,0,17.07,11
mol_3,278.354,6.299400000000004,0,0,0,5,0.0,22
mol_4,84.14299999999999,1.7480999999999998,0,1,0,1,0.0,5
mol_5,135.191,2.2962999999999996,0,2,0,2,12.89,9
mol_6,326.437,6.620600000000001,0,0,1,2,0.0,17
mol_7,272.388,3.6092000000000026,2,2,0,1,40.46,20
mol_8,380.913,4.481400000000002,0,1,0,0,12.53,19
mol_9,394.42300000000023,3.7033000000000023,0,6,3,2,63.22,29
mol_10,85.10600000000001,-0.10360000000000008,1,1,0,0,29.1,6
mol_11,162.61899999999997,3.4932000000000016,0,0,0,2,0.0,11
mol_12,70.135,1.9725,0,0,2,0,0.0,5
mol_13,218.256,0.5378999999999994,2,2,2,1,58.2,16
mol_14,198.39399999999995,5.707400000000006,0,0,11,0,0.0,14
mol_15,78.542,1.6336,0,0,0,0,0.0,4
mol_16,88.14999999999999,1.0248,1,1,2,0,20.23,6
mol_17,103.12399999999997,1.5582799999999999,0,1,0,1,23.79,8
mol_18,304.35200000000003,3.5847200000000026,0,6,7,1,53.47,19
mol_19,172.312,3.5079000000000025,1,1,8,0,20.23,12
mol_20,326.437,6.620600000000001,0,0,1,2,0.0,17
mol_21,234.29899999999995,1.5305,1,3,1,1,54.86,17
mol_22,260.38599999999997,3.727700000000003,0,5,8,0,18.46,13
mol_23,179.219,2.0437,1,2,3,1,38.33,13
mol_24,322.243,2.9502000000000006,1,6,5,1,115.54000000000002,22
mol_25,116.204,1.9491,1,1,5,0,20.23,8
mol_26,180.16699999999997,-1.039700000000001,1,5,0,2,72.68,13
mol_27,212.249,0.9389999999999998,2,3,4,0,75.27000000000001,15
mol_28,318.0300000000001,6.187900000000003,0,0,2,2,0.0,18
mol_29,158.24099999999999,2.5199000000000007,0,2,6,0,26.3,11
mol_30,134.22199999999998,2.811400000000001,0,0,2,1,0.0,10
mol_31,288.44,4.506300000000004,0,5,7,0,18.46,15
mol_32,300.314,3.784220000000002,2,4,3,2,76.66,22
mol_33,96.94399999999999,1.9352,0,0,0,0,0.0,4
mol_34,180.25000000000003,3.566220000000002,0,0,0,2,0.0,14
mol_35,86.13399999999999,1.3755,0,1,3,0,17.07,6
mol_36,169.227,3.430200000000002,1,1,2,2,12.03,13
mol_37,253.367,3.2604000000000024,0,3,6,1,29.540000000000003,17
mol_38,353.4900000000001,4.198300000000004,0,5,9,0,38.77,21
mol_39,226.101,3.3918000000000026,0,0,5,0,0.0,8
mol_40,188.657,4.007000000000002,0,0,1,2,0.0,13
mol_41,86.134,0.9449,1,1,3,0,20.23,6
mol_42,168.15200000000002,-0.4773,2,3,0,0,75.27,12
mol_43,156.269,2.439500000000001,1,1,1,0,20.23,11
mol_44,88.106,0.5678,0,2,2,0,26.3,6
mol_45,116.20399999999998,1.9475000000000002,1,1,4,0,20.23,8
mol_46,214.06199999999998,2.4074999999999998,1,1,1,1,29.1,11
mol_47,266.098,1.5771999999999997,1,4,1,2,60.910000000000004,15
mol_48,346.33900000000017,2.1756,1,7,4,1,107.77,25
mol_49,157.216,2.8516400000000006,0,1,0,2,12.89,12
mol_50,110.19999999999999,2.5900000000000007,0,0,4,0,0.0,8
mol_51,236.27099999999993,1.2491999999999999,2,3,2,0,75.27000000000001,17
mol_52,228.29399999999998,5.146200000000003,0,0,0,4,0.0,18
mol_53,261.11899999999997,1.5785200000000001,1,3,2,1,54.86,14
mol_54,360.88200000000006,7.274000000000001,0,0,1,2,0.0,18
mol_55,108.13999999999999,1.70062,1,1,0,1,20.23,8
mol_56,128.259,3.468700000000003,0,0,2,0,0.0,9
mol_57,156.228,3.456640000000002,0,0,0,2,0.0,12
mol_58,242.321,5.454620000000004,0,0,0,4,0.0,19
mol_59,86.13399999999999,1.3755,0,1,2,0,17.07,6
mol_60,429.77200000000016,8.580799999999998,0,0,1,2,0.0,20
mol_61,116.15999999999998,1.3496000000000001,0,2,3,0,26.3,8
mol_62,394.43900000000014,0.6204999999999998,4,6,2,0,115.06000000000002,28
mol_63,109.12799999999999,0.9743999999999999,2,2,0,1,46.25,8
mol_64,260.253,1.1077,1,5,5,2,90.06,19
mol_65,366.84400000000016,5.505100000000005,1,3,2,2,54.37,26
mol_66,229.71499999999997,1.803,1,5,5,1,53.940000000000005,15
mol_67,123.11499999999998,-0.4245000000000001,1,3,1,1,68.87,9
mol_68,237.09699999999998,1.1349999999999998,2,2,3,0,72.19,12
mol_69,223.102,4.660400000000002,0,0,1,2,0.0,14
mol_70,238.15899999999996,0.07349999999999995,1,6,3,1,118.04999999999998,17
mol_71,284.09799999999996,4.693900000000003,0,3,3,2,52.37,18
mol_72,152.237,2.401700000000001,0,1,0,0,17.07,11
mol_73,244.25,0.8664999999999998,2,3,3,1,75.27000000000001,18
mol_74,130.18699999999998,1.7397,0,2,4,0,26.3,9
mol_75,130.18699999999998,1.5956000000000001,0,2,3,0,26.3,9
mol_76,380.444,3.5630000000000024,1,4,8,2,75.71,28
mol_77,257.547,5.313800000000001,0,0,1,2,0.0,15
mol_78,122.993,1.7913000000000001,0,0,1,0,0.0,4
mol_79,342.2260000000001,3.653400000000003,0,5,5,2,49.17,22
mol_80,257.27299999999997,0.8516999999999999,0,6,6,0,55.84,14
mol_81,146.15299999999996,0.7282199999999999,0,4,0,2,51.56,11
mol_82,76.12400000000001,-0.8113000000000001,2,1,0,0,52.04,4
mol_83,106.16799999999999,2.30344,0,0,0,1,0.0,8
mol_84,134.22199999999998,2.811400000000001,0,0,2,1,0.0,10
mol_85,236.74,3.7268,0,0,0,0,0.0,8
mol_86,451.46900000000005,6.627980000000005,0,5,9,3,68.55000000000001,33
mol_87,89.09399999999998,0.6731,0,2,2,0,43.14,6
mol_88,154.253,2.6477000000000013,0,1,1,0,17.07,11
mol_89,273.723,3.458700000000001,1,3,1,2,45.230000000000004,19
mol_90,192.00100000000003,2.901600000000001,0,2,1,1,43.14,11
mol_91,254.35500000000002,1.5159999999999998,2,3,5,0,58.2,17
mol_92,202.25599999999997,4.487200000000002,0,0,0,3,0.0,16
mol_93,102.17699999999998,1.8214000000000001,0,1,3,0,9.23,7
mol_94,156.22799999999998,3.456640000000002,0,0,0,2,0.0,12
mol_95,268.356,4.828600000000005,2,2,4,2,40.46,20
mol_96,265.914,4.043559999999999,0,2,0,1,47.58,14
mol_97,291.992,5.967200000000002,0,0,1,2,0.0,16
mol_98,120.15099999999995,1.7579,0,1,1,1,12.53,9
mol_99,120.19499999999995,2.8100000000000014,0,0,1,1,0.0,9
mol_100,330.4680000000001,3.695900000000003,1,3,2,0,54.370000000000005,24
mol_101,267.93,4.2434,0,2,0,2,25.78,14
mol_102,150.13,-2.5823000000000005,4,5,0,0,90.15,10
mol_103,84.93299999999999,1.4215,0,0,0,0,0.0,3
mol_104,156.22799999999998,3.4022000000000023,0,0,1,2,0.0,12
mol_105,60.05200000000001,-0.2108000000000001,0,2,1,0,26.3,4
mol_106,139.10999999999999,1.3004000000000002,1,3,1,1,63.37,10
mol_107,126.115,-0.6283800000000002,2,2,0,1,65.72,9
mol_108,58.123999999999995,1.6622999999999999,0,0,0,0,0.0,4
mol_109,268.22900000000004,-1.8566000000000003,4,9,2,2,133.75,19
mol_110,370.91499999999996,2.4730799999999995,1,2,0,1,44.019999999999996,11
mol_111,327.1230000000001,3.8595000000000006,2,4,3,2,92.47,21
mol_112,72.151,2.1965000000000003,0,0,2,0,0.0,5
mol_113,94.11299999999999,1.3922,1,1,0,1,20.23,7
mol_114,193.249,3.5752000000000015,1,1,0,3,26.02,15
mol_115,180.16699999999997,-1.0397,1,5,0,2,72.68,13
mol_116,129.16199999999998,2.2348,0,1,0,2,12.89,10
mol_117,367.86,4.331900000000004,0,5,7,1,38.77,21
mol_118,162.276,3.809400000000003,0,0,5,1,0.0,12
mol_119,188.657,4.007000000000002,0,0,1,2,0.0,13
mol_120,84.16199999999999,2.3626000000000005,0,0,2,0,0.0,6
mol_121,114.23199999999999,2.9345000000000017,0,0,2,0,0.0,8
mol_122,250.339,4.9536,0,0,0,1,0.0,11
mol_123,139.10999999999999,1.3003999999999998,1,3,1,1,63.37,10
mol_124,140.26999999999998,3.9230000000000036,0,0,7,0,0.0,10
mol_125,218.20499999999998,0.044299999999999784,0,6,5,0,78.9,15
mol_126,209.29299999999998,1.89922,1,4,4,1,49.25000000000001,15
mol_127,434.29400000000015,6.317080000000003,0,4,6,2,59.32000000000001,29
mol_128,79.10199999999998,1.0816,0,1,0,1,12.89,6
mol_129,179.101,3.351700000000002,0,0,5,0,0.0,8
mol_130,107.15599999999999,1.69844,0,1,0,1,12.89,8
mol_131,380.45600000000013,1.8737,3,5,2,0,94.83,27
mol_132,225.313,2.6579000000000006,1,3,4,1,38.33,15
mol_133,160.16899999999998,0.5027,0,4,4,0,52.60000000000001,11
mol_134,136.238,3.308900000000002,0,0,1,0,0.0,10
mol_135,118.17899999999997,2.1753,0,0,0,1,0.0,9
mol_136,150.22099999999998,2.689700000000001,1,1,0,1,20.23,11
mol_137,154.125,-0.8674000000000002,2,3,0,0,75.27,11
mol_138,238.45499999999998,2.9446000000000003,0,0,0,1,0.0,8
mol_139,207.07,3.6023000000000014,0,0,0,2,0.0,11
mol_140,70.135,1.9725,0,0,1,0,0.0,5
mol_141,107.156,1.69844,0,1,0,1,12.89,8
mol_142,131.389,2.5017000000000005,0,0,0,0,0.0,5
mol_143,143.189,2.4220000000000006,1,1,0,2,26.02,11
mol_144,106.16799999999999,2.30344,0,0,0,1,0.0,8
mol_145,148.125,0.1253999999999998,1,5,0,2,71.79,11
mol_146,32.042,-0.3915,1,1,0,0,20.23,2
mol_147,226.27599999999998,1.1849999999999998,2,3,4,0,75.27000000000001,16
mol_148,72.107,0.9854,0,1,1,0,17.07,5
mol_149,130.078,-0.7977000000000001,2,2,0,1,65.72,9
mol_150,266.257,-1.3750000000000007,4,8,2,2,126.65,19
mol_151,110.11199999999998,1.0977999999999999,2,2,0,1,40.46,8
mol_152,102.17699999999999,1.559,1,1,4,0,20.23,7
mol_153,106.596,2.415400000000001,0,0,3,0,0.0,6
mol_154,54.09199999999999,1.3584,0,0,1,0,0.0,4
mol_155,102.13299999999998,0.9595,0,2,2,0,26.3,7
mol_156,148.205,2.271,1,1,0,1,20.23,11
mol_157,93.513,-0.2895000000000001,1,1,1,0,43.09,5
mol_158,413.0,4.494100000000002,0,4,4,1,27.69,16
mol_159,126.586,2.6484200000000007,0,0,0,1,0.0,8
mol_160,214.29399999999998,0.3714999999999997,1,6,1,1,73.8,14
mol_161,368.3690000000001,6.256760000000005,0,4,6,3,44.760000000000005,26
mol_162,100.16099999999999,1.7656,0,1,4,0,17.07,7
mol_163,193.24599999999998,2.2257,1,3,4,1,52.32,14
mol_164,255.277,2.35452,1,4,0,2,68.45,19
mol_165,154.253,2.6714000000000016,1,1,4,0,20.23,11
mol_166,223.102,4.660400000000002,0,0,1,2,0.0,14
mol_167,408.498,4.343200000000004,1,4,10,2,75.71,30
mol_168,75.067,0.2829999999999999,0,2,1,0,43.14,5
mol_169,333.266,3.9242000000000035,0,5,6,1,89.51999999999998,23
mol_170,215.894,4.3002,0,0,0,1,0.0,10
mol_171,218.25299999999996,0.9834000000000005,2,4,6,0,104.63999999999999,15
mol_172,316.48500000000007,4.515300000000004,1,2,1,0,37.3,23
mol_173,141.939,1.0512000000000001,0,0,0,0,0.0,2
mol_174,281.35200000000003,1.0414999999999999,2,4,3,0,83.47,20
mol_175,394.471,3.9531000000000027,1,4,9,2,75.71,29
mol_176,138.20999999999998,2.3218000000000005,0,1,0,0,17.07,10
mol_177,212.24899999999997,0.7948999999999993,2,3,3,0,75.27000000000001,15
mol_178,142.242,2.935900000000001,0,1,6,0,17.07,10
mol_179,217.268,1.771,1,2,2,1,46.17,16
mol_180,86.178,2.442500000000001,0,0,2,0,0.0,6
mol_181,376.49600000000004,6.372000000000007,0,3,9,3,27.69,28
mol_182,250.30100000000002,3.0025400000000015,0,3,1,3,34.89,19
mol_183,75.498,0.74878,0,1,0,0,23.79,4
mol_184,333.60400000000004,5.391500000000002,0,3,5,1,18.46,17
mol_185,312.45300000000003,3.8826000000000027,1,2,0,0,37.3,23
mol_186,80.08999999999999,0.4765999999999999,0,2,0,1,25.78,6
mol_187,215.894,4.3002,0,0,0,1,0.0,10
mol_188,414.63000000000017,5.508800000000006,1,3,0,0,38.69,30
mol_189,109.12799999999999,0.9743999999999999,2,2,0,1,46.25,8
mol_190,186.295,3.3001000000000023,0,2,8,0,26.3,13
mol_191,279.336,1.8443399999999999,0,4,5,1,55.84,20
mol_192,209.24499999999998,2.192,1,3,3,1,47.56,15
mol_193,92.569,2.0237,0,0,1,0,0.0,5
mol_194,144.17299999999997,2.5454,1,1,0,2,20.23,11
mol_195,345.22600000000017,4.217000000000003,0,5,3,2,57.26,22
mol_196,82.14599999999999,1.8098,0,0,2,0,0.0,6
mol_197,124.22699999999999,2.980100000000002,0,0,5,0,0.0,9
mol_198,126.586,2.6484200000000007,0,0,0,1,0.0,8
mol_199,102.17699999999999,1.8197999999999999,0,1,2,0,9.23,7
mol_200,248.307,1.6838000000000002,2,4,2,2,86.18,17
mol_201,46.073,-0.9205000000000001,2,2,0,0,38.05,3
mol_202,40.065000000000005,0.6395,0,0,0,0,0.0,3
mol_203,298.304,3.2283800000000014,0,6,7,1,63.839999999999996,19
mol_204,281.314,2.3388,1,5,7,0,56.790000000000006,17
mol_205,56.064,0.37129999999999996,0,1,1,0,17.07,4
mol_206,136.114,-0.35380000000000006,2,3,0,2,74.43,10
mol_207,145.161,1.9403999999999997,1,2,0,2,33.120000000000005,11
mol_208,96.10399999999998,1.8256999999999999,0,0,0,1,0.0,7
mol_209,78.542,1.6352,0,0,1,0,0.0,4
mol_210,88.106,0.5694,0,2,1,0,26.3,6
mol_211,100.20499999999998,2.832600000000001,0,0,1,0,0.0,7
mol_212,148.249,3.2287000000000017,0,0,0,1,0.0,11
mol_213,154.253,2.7441000000000013,0,1,0,0,9.23,11
mol_214,314.46600000000007,4.7938000000000045,0,4,15,0,52.60000000000001,22
mol_215,223.102,4.660400000000002,0,0,1,2,0.0,14
mol_216,107.156,1.69844,0,1,0,1,12.89,8
mol_217,150.22099999999998,2.4879000000000007,0,1,1,0,17.07,11
mol_218,342.875,5.420300000000004,0,5,8,1,18.46,18
mol_219,588.5620000000001,1.338599999999999,3,13,5,2,160.83,42
mol_220,252.31599999999997,5.737200000000003,0,0,0,5,0.0,20
mol_221,182.135,1.8114200000000005,0,4,2,1,86.28,13
mol_222,207.07000000000002,3.6023000000000014,0,0,0,2,0.0,11
mol_223,221.26,1.6262,1,3,3,1,53.93,16
mol_224,162.15200000000002,0.42839999999999984,0,5,1,2,60.790000000000006,12
mol_225,266.30400000000003,2.6512200000000004,1,4,1,2,58.120000000000005,20
mol_226,313.747,3.1887000000000016,0,7,7,1,58.4,18
mol_227,68.11900000000001,1.7485,0,0,1,0,0.0,5
mol_228,154.253,2.6698000000000013,1,1,4,0,20.23,11
mol_229,278.335,3.6130200000000023,0,5,5,1,27.69,16
mol_230,100.161,1.3114,1,1,0,0,20.23,7
mol_231,182.17899999999997,-0.06520000000000037,2,3,2,0,75.27000000000001,13
mol_232,290.447,3.959100000000003,1,2,0,0,37.3,21
mol_233,182.172,-3.5854000000000004,6,6,5,0,121.38000000000001,12
mol_234,168.239,3.662020000000002,0,0,1,2,0.0,13
mol_235,215.68800000000002,1.7770999999999997,2,5,4,1,62.730000000000004,14
mol_236,152.22199999999998,1.3421,2,1,1,1,38.05,10
mol_237,114.18799999999999,2.1557000000000004,0,1,4,0,17.07,8
mol_238,100.16099999999999,1.6215,0,1,0,0,17.07,7
mol_239,128.558,2.0456,1,1,0,1,20.23,8
mol_240,98.14500000000001,1.5196,0,1,0,0,17.07,7
mol_241,107.156,1.5772199999999998,1,1,0,1,26.02,8
mol_242,144.388,1.88018,0,1,0,0,23.79,6
mol_243,303.67100000000005,2.9464000000000006,1,4,2,2,46.92,20
mol_244,156.269,3.3260000000000023,0,1,7,0,17.07,11
mol_245,243.74200000000002,2.1914999999999996,1,5,5,1,53.940000000000005,16
mol_246,165.19199999999998,1.4455,1,3,2,1,52.32,12
mol_247,181.449,3.6468000000000007,0,0,0,1,0.0,9
mol_248,343.2170000000001,4.233520000000003,0,4,1,3,43.07,23
mol_249,110.11199999999998,1.0977999999999999,2,2,0,1,40.46,8
mol_250,254.29299999999998,2.2245999999999997,0,4,1,2,49.330000000000005,19
mol_251,62.137,0.9792,0,1,0,0,0.0,3
mol_252,171.03699999999998,2.7575200000000013,0,0,0,1,0.0,8
mol_253,89.09400000000001,0.10160000000000013,1,2,1,0,52.32,6
mol_254,384.5160000000002,4.575300000000004,0,4,2,0,60.440000000000005,28
mol_255,116.20399999999998,1.6593,1,1,2,0,20.23,8
mol_256,128.17399999999995,2.839800000000001,0,0,0,2,0.0,10
mol_257,121.18299999999995,2.1184,1,1,2,1,12.03,9
mol_258,252.27300000000002,1.7695999999999998,2,2,2,2,58.2,19
mol_259,256.348,5.763040000000005,0,0,0,4,0.0,20
mol_260,393.85400000000016,3.878200000000003,0,6,8,1,55.84,23
mol_261,345.6529999999999,5.205900000000002,0,2,4,2,18.46,21
mol_262,381.1120000000001,4.511700000000001,2,2,2,2,58.2,24
mol_263,366.41700000000003,3.172900000000002,1,4,7,2,75.71,27
mol_264,198.653,2.4335000000000004,1,1,1,1,32.34,13
mol_265,301.296,2.492400000000001,1,4,4,3,50.94,22
mol_266,478.51300000000026,1.7620999999999996,2,8,4,0,127.20000000000002,34
mol_267,137.01999999999998,2.1814,0,0,2,0,0.0,5
mol_268,393.69800000000004,4.7366,0,0,0,1,0.0,10
mol_269,100.16099999999999,1.6215,0,1,2,0,17.07,7
mol_270,215.36199999999994,3.5141000000000027,0,2,3,0,20.310000000000002,14
mol_271,142.585,2.3486000000000002,0,1,1,1,9.23,9
mol_272,505.20600000000024,6.490180000000005,0,4,6,2,59.32000000000001,28
mol_273,224.26,0.9609999999999999,2,3,4,0,75.27000000000001,16
mol_274,277.238,2.7993200000000007,0,6,5,1,70.83000000000001,17
mol_275,254.07000000000002,3.4444000000000017,0,0,0,2,0.0,11
mol_276,182.172,-3.5854000000000004,6,6,5,0,121.38000000000001,12
mol_277,62.137,0.9360999999999999,1,1,0,0,0.0,3
mol_278,133.405,2.0289,0,0,1,0,0.0,5
mol_279,245.282,2.2411200000000004,0,4,2,2,47.36000000000001,18
mol_280,137.13799999999998,0.49110000000000004,2,2,1,1,63.32000000000001,10
mol_281,137.138,1.9032200000000001,0,2,1,1,43.14,10
mol_282,212.249,0.6507999999999994,2,3,2,0,75.27000000000001,15
mol_283,120.19499999999996,2.5574200000000005,0,0,1,1,0.0,9
mol_284,134.65,3.1956000000000016,0,0,5,0,0.0,8
mol_285,184.19499999999996,0.15879999999999939,2,3,2,0,75.27000000000001,13
mol_286,182.266,3.4718000000000018,0,0,3,2,0.0,14
mol_287,167.85,2.5938,0,0,1,0,0.0,6
mol_288,283.331,3.122320000000001,1,4,2,2,54.46,21
mol_289,192.261,4.301420000000003,0,0,0,3,0.0,15
mol_290,278.348,3.600400000000003,0,4,8,1,52.60000000000001,20
mol_291,261.919,4.014400000000001,1,2,1,1,29.46,13
mol_292,299.6909999999999,2.3950000000000005,0,5,8,0,65.07000000000001,18
mol_293,268.356,3.7375000000000025,1,2,0,1,37.3,20
mol_294,414.82700000000017,1.1715999999999998,1,8,8,2,127.79,27
mol_295,153.13699999999997,1.6033999999999997,0,3,2,1,52.37,11
mol_296,120.623,2.805500000000001,0,0,4,0,0.0,7
mol_297,429.77200000000016,8.580799999999998,0,0,1,2,0.0,20
mol_298,504.43800000000005,-7.571399999999989,11,16,8,0,268.67999999999995,34
mol_299,366.7180000000002,10.388599999999993,0,0,23,0,0.0,26
mol_300,253.30499999999995,2.829600000000001,0,3,1,2,36.44,19
mol_301,98.96000000000001,1.81,0,0,0,0,0.0,4
mol_302,172.20899999999997,-0.08379999999999999,2,3,1,1,86.18,11
mol_303,309.36600000000004,4.252800000000004,0,5,8,1,89.51999999999998,22
mol_304,290.832,3.644400000000001,0,0,0,0,0.0,12
mol_305,345.4010000000002,3.8896000000000033,1,5,8,1,56.790000000000006,22
mol_306,181.44899999999998,3.6468000000000007,0,0,0,1,0.0,9
mol_307,153.823,2.5529,0,0,0,0,0.0,5
mol_308,192.001,2.901600000000001,0,2,1,1,43.14,11
mol_309,128.215,2.0915999999999997,1,1,0,0,20.23,9
mol_310,302.4580000000001,4.269300000000004,1,2,0,0,37.3,22
mol_311,180.20699999999997,1.5758999999999999,2,2,3,1,64.35,13
mol_312,112.216,2.832600000000001,0,0,0,0,0.0,8
mol_313,180.20999999999998,2.7830000000000004,0,2,0,3,25.78,14
mol_314,88.14999999999999,1.4313,0,1,0,0,9.23,6
mol_315,148.20499999999998,2.728300000000001,0,1,2,1,9.23,11
mol_316,242.44699999999992,5.460000000000006,1,1,14,0,20.23,17
mol_317,112.088,-0.9368000000000001,2,2,0,1,65.72,8
mol_318,135.13,-0.0648999999999999,2,4,0,2,80.47999999999999,10
mol_319,326.437,6.620600000000001,0,0,1,2,0.0,17
mol_320,256.30499999999995,2.1311,1,4,4,2,55.24,19
mol_321,252.31599999999997,5.640400000000003,0,0,0,4,0.0,20
mol_322,212.25199999999998,3.3306000000000013,2,1,2,2,41.13,16
mol_323,232.239,0.7003999999999997,2,3,2,1,75.27000000000001,17
mol_324,257.547,5.313800000000001,0,0,1,2,0.0,15
mol_325,206.289,2.903500000000001,1,1,2,1,32.34,15
mol_326,259.762,2.0904999999999996,0,4,5,1,46.09,16
mol_327,102.17699999999998,1.4149,1,1,2,0,20.23,7
mol_328,130.18699999999998,1.7397,0,2,4,0,26.3,9
mol_329,227.13199999999998,1.7196200000000006,0,6,3,1,129.42000000000002,16
mol_330,397.52400000000006,3.7726000000000024,1,6,10,1,64.63,23
mol_331,98.18900000000001,2.7307000000000015,0,0,0,0,0.0,7
mol_332,88.10599999999998,0.5694,0,2,3,0,26.3,6
mol_333,134.22199999999995,3.118420000000002,0,0,1,1,0.0,10
mol_334,127.574,1.9222,1,1,0,1,26.02,8
mol_335,100.20499999999998,2.6885000000000012,0,0,2,0,0.0,7
mol_336,168.195,3.586000000000002,0,1,0,3,13.14,13
mol_337,286.34900000000005,2.0576,0,5,4,1,61.830000000000005,19
mol_338,232.20499999999996,2.7989000000000006,1,1,1,1,32.34,16
mol_339,179.22199999999998,3.3880000000000017,0,1,0,3,12.89,14
mol_340,360.45000000000016,1.9898000000000002,2,5,2,0,91.67,26
mol_341,180.156,-3.2214000000000005,5,6,1,0,110.38000000000001,12
mol_342,108.13999999999999,1.7006199999999998,1,1,0,1,20.23,8
mol_343,365.84200000000004,2.0834,2,4,3,2,92.5,24
mol_344,404.54700000000025,4.195500000000004,1,5,6,0,72.83,29
mol_345,168.10799999999995,1.503,0,4,2,1,86.28,12
mol_346,262.30899999999997,1.4951999999999999,2,3,2,0,75.27000000000001,19
mol_347,200.32199999999997,3.6902000000000026,0,2,9,0,26.3,14
mol_348,164.208,1.7801,1,1,1,1,32.34,12
mol_349,88.14999999999999,1.4329,0,1,3,0,9.23,6
mol_350,60.096000000000004,0.38710000000000006,1,1,0,0,20.23,4
mol_351,142.201,3.148220000000001,0,0,0,2,0.0,11
mol_352,208.28,2.2986000000000004,0,0,0,0,0.0,4
mol_353,270.372,4.785200000000005,2,2,5,2,40.46,20
mol_354,330.3640000000001,2.1218000000000004,0,8,9,0,71.06,19
mol_355,126.58599999999996,2.4254000000000007,0,0,1,1,0.0,8
mol_356,70.09100000000001,0.7614000000000001,0,1,1,0,17.07,5
mol_357,293.548,3.127600000000002,1,2,2,1,41.57,15
mol_358,206.28799999999998,4.609840000000004,0,0,0,3,0.0,16
mol_359,130.18699999999998,1.7397,0,2,4,0,26.3,9
mol_360,338.79500000000013,2.8699000000000012,1,5,2,2,80.37,23
mol_361,153.156,1.7840999999999998,1,1,1,1,29.1,11
mol_362,269.77199999999993,2.9871000000000016,0,2,6,1,29.54,18
mol_363,82.146,2.1166,0,0,0,0,0.0,6
mol_364,362.4660000000002,1.7815999999999996,3,5,2,0,94.83,26
mol_365,80.08999999999999,0.4765999999999999,0,2,0,1,25.78,6
mol_366,157.55599999999998,2.2482000000000006,0,2,1,1,43.14,10
mol_367,88.106,0.5694,0,2,1,0,26.3,6
mol_368,157.55599999999998,2.2481999999999998,0,2,1,1,43.14,10
mol_369,275.179,4.257200000000004,1,1,4,1,32.34,17
mol_370,256.33099999999996,1.0257999999999998,1,5,1,1,69.56,17
mol_371,123.11099999999996,1.5948,0,2,1,1,43.14,9
mol_372,204.01000000000002,2.2912,0,0,0,1,0.0,7
mol_373,365.8420000000001,2.7141199999999994,2,4,2,2,92.5,24
mol_374,241.24299999999994,0.5302000000000002,2,5,6,1,91.00999999999999,17
mol_375,311.85300000000007,4.1574000000000035,0,2,9,1,29.54,21
mol_376,163.003,2.699,1,1,0,1,20.23,9
mol_377,102.13299999999998,0.9595,0,2,2,0,26.3,7
mol_378,218.08299999999997,3.3419000000000016,1,1,2,1,29.1,13
mol_379,253.26900000000003,0.8334000000000001,3,7,1,3,129.62,19
mol_380,144.21399999999997,2.1298000000000004,0,2,5,0,26.3,10
mol_381,309.529,-0.46289999999999937,3,6,2,0,88.38000000000001,17
mol_382,293.41400000000004,4.871880000000004,0,2,4,2,27.96,22
mol_383,225.296,1.5208,2,6,5,1,71.96000000000001,16
mol_384,112.216,3.142800000000002,0,0,5,0,0.0,8
mol_385,107.156,1.5772199999999998,1,1,0,1,26.02,8
mol_386,100.14599999999999,0.7253000000000001,1,3,0,1,38.91,6
mol_387,151.165,1.4048,1,2,1,1,38.33,11
mol_388,102.17699999999999,1.5574,1,1,3,0,20.23,7
mol_389,194.23299999999998,3.6986000000000017,1,1,0,3,20.23,15
mol_390,192.261,4.301420000000002,0,0,0,3,0.0,15
mol_391,120.195,2.611860000000001,0,0,0,1,0.0,9
mol_392,208.26099999999997,1.77922,1,3,2,1,41.57,15
mol_393,144.258,2.727700000000002,1,1,6,0,20.23,10
mol_394,268.36,3.767700000000003,1,1,3,2,32.34,20
mol_395,100.16099999999999,1.7656,0,1,3,0,17.07,7
mol_396,276.91499999999996,2.78888,1,2,0,1,44.019999999999996,11
mol_397,223.102,4.660400000000002,0,0,1,2,0.0,14
mol_398,298.367,3.3381000000000016,0,4,4,3,42.43000000000001,21
mol_399,145.161,1.9404,1,2,0,2,33.120000000000005,11
mol_400,235.30800000000002,2.620000000000001,1,3,2,1,38.33,16
mol_401,258.324,1.3424,1,5,3,2,82.28,16
mol_402,266.33799999999997,4.6592,1,1,0,1,20.23,12
mol_403,129.384,1.5776,0,0,0,0,0.0,3
mol_404,198.22199999999998,0.5009999999999999,1,3,2,0,66.48,14
mol_405,372.5050000000002,4.266700000000004,0,4,3,0,60.440000000000005,27
mol_406,150.18099999999998,0.8548999999999998,2,1,2,1,55.120000000000005,11
mol_407,212.67999999999998,2.7419200000000012,1,1,1,1,32.34,14
mol_408,249.09699999999998,3.0185000000000013,1,2,2,1,41.57,15
mol_409,114.188,1.7015,1,1,0,0,20.23,8
mol_410,356.2270000000001,0.40430000000000027,3,5,6,1,103.70000000000002,21
mol_411,242.34400000000002,1.3498999999999999,2,3,4,0,58.2,16
mol_412,222.251,-0.8561000000000003,2,6,2,1,115.03999999999999,13
mol_413,139.10999999999999,1.3003999999999998,1,3,1,1,63.37,10
mol_414,364.914,5.270200000000002,0,0,0,0,0.0,18
mol_415,72.107,0.7968,0,1,0,0,9.23,5
mol_416,138.126,1.177,1,3,1,1,69.16,10
mol_417,291.99199999999996,5.967200000000002,0,0,1,2,0.0,16
mol_418,308.38100000000003,3.7878000000000025,0,2,5,2,40.620000000000005,23
mol_419,182.135,1.8114200000000005,0,4,2,1,86.28,13
mol_420,314.46900000000005,4.723500000000005,0,2,1,0,34.14,23
mol_421,257.76899999999995,2.2173999999999996,0,5,6,1,45.150000000000006,17
mol_422,349.06600000000014,3.520900000000001,0,3,3,0,37.38,18
mol_423,314.802,3.974100000000001,0,0,0,1,0.0,9
mol_424,286.718,2.4478999999999997,2,3,1,2,61.690000000000005,20
mol_425,238.28699999999995,1.3510999999999993,2,3,5,0,75.27000000000001,17
mol_426,150.22099999999998,2.824020000000001,1,1,1,1,20.23,11
mol_427,133.197,0.13429999999999997,1,3,0,0,29.1,7
mol_428,302.23800000000006,1.9879999999999995,5,7,1,3,131.35999999999999,22
mol_429,490.6390000000001,4.6182,0,1,0,0,17.07,21
mol_430,296.5520000000001,3.6212000000000026,0,4,4,0,6.48,16
mol_431,84.162,2.3406000000000002,0,0,0,0,0.0,6
mol_432,474.64,7.725599999999999,0,0,1,0,0.0,20
mol_433,196.68099999999998,2.8698200000000007,0,1,2,1,15.6,13
mol_434,266.34,3.9444000000000026,1,2,0,2,37.3,20
mol_435,130.23100000000002,2.3392000000000013,1,1,6,0,20.23,9
mol_436,90.191,1.7593999999999999,0,1,2,0,0.0,5
mol_437,98.96000000000001,1.464,0,0,1,0,0.0,4
mol_438,106.59599999999999,2.4138,0,0,1,0,0.0,6
mol_439,143.411,1.6200999999999999,0,0,1,0,0.0,4
mol_440,138.126,1.177,1,3,1,1,69.16,10
mol_441,342.297,-5.397199999999993,8,11,4,0,189.52999999999997,23
mol_442,268.32,2.614700000000001,0,4,2,2,49.330000000000005,20
mol_443,112.55899999999997,2.34,0,0,0,1,0.0,7
mol_444,126.243,3.5329000000000024,0,0,6,0,0.0,9
mol_445,282.90599999999995,3.053700000000001,0,0,0,1,0.0,8
mol_446,102.17699999999998,1.5574,1,1,2,0,20.23,7
mol_447,148.249,3.4193000000000024,0,0,4,1,0.0,11
mol_448,158.117,-2.1798,4,3,1,0,113.32,11
mol_449,372.80800000000016,3.141800000000001,3,6,6,3,91.67999999999999,26
mol_450,320.04600000000005,5.929000000000003,0,0,3,2,0.0,18
mol_451,330.4680000000001,4.450000000000004,0,3,1,0,43.370000000000005,24
mol_452,162.61899999999997,3.4932000000000016,0,0,0,2,0.0,11
mol_453,252.31699999999995,3.4346000000000023,0,2,1,2,23.55,19
mol_454,102.17699999999998,1.5574,1,1,3,0,20.23,7
mol_455,112.21600000000001,2.976700000000002,0,0,2,0,0.0,8
mol_456,244.294,2.669100000000001,0,4,4,2,44.12,18
mol_457,163.00300000000001,2.6990000000000007,1,1,0,1,20.23,9
mol_458,416.30400000000014,6.177980000000004,0,4,6,2,59.32000000000001,28
mol_459,119.12299999999998,1.8277999999999999,0,2,0,2,26.03,9
mol_460,88.14999999999999,1.1689,1,1,3,0,20.23,6
mol_461,149.237,2.532800000000001,0,1,3,1,3.24,11
mol_462,114.094,1.9648,0,0,0,1,0.0,8
mol_463,89.525,1.1388800000000001,0,1,1,0,23.79,5
mol_464,148.249,3.2752000000000017,0,0,1,1,0.0,11
mol_465,232.239,0.7003999999999997,2,3,2,1,75.27000000000001,17
mol_466,238.45499999999998,2.9446000000000003,0,0,0,1,0.0,8
mol_467,119.127,0.9578999999999998,1,2,0,2,41.57,9
mol_468,221.25599999999994,2.1183,1,3,1,1,47.56,16
mol_469,122.16699999999999,2.00904,1,1,0,1,20.23,9
mol_470,88.14999999999999,1.0231999999999999,1,1,1,0,20.23,6
mol_471,184.238,2.768300000000001,1,1,2,2,20.23,14
mol_472,186.295,3.3001000000000023,0,2,8,0,26.3,13
mol_473,297.656,3.144300000000002,0,6,5,1,70.83000000000001,17
mol_474,137.01999999999998,2.0373,0,0,1,0,0.0,5
mol_475,155.966,1.4413,0,0,0,0,0.0,3
mol_476,238.29099999999997,1.2198399999999998,0,5,2,1,58.56000000000001,17
mol_477,165.074,2.9616000000000016,0,0,4,0,0.0,7
mol_478,86.178,2.442500000000001,0,0,2,0,0.0,6
mol_479,418.7360000000001,5.551820000000002,0,2,4,1,26.3,27
mol_480,283.7989999999999,3.1641200000000014,0,2,6,1,29.54,19
mol_481,156.09699999999998,0.9959,1,5,2,1,88.87,11
mol_482,502.9200000000002,7.395680000000005,1,5,8,3,71.35,35
mol_483,84.082,-0.6131000000000002,2,3,0,1,67.59,6
mol_484,252.731,2.4547,0,0,0,0,0.0,4
mol_485,257.437,2.1609000000000003,1,4,3,0,55.760000000000005,12
mol_486,367.8160000000001,4.236100000000003,0,7,7,2,53.6,21
mol_487,108.13999999999997,1.1789,1,1,1,1,20.23,8
mol_488,292.33400000000006,3.9668000000000028,1,3,1,3,50.44,22
mol_489,173.00900000000001,2.1547,1,1,0,1,20.23,8
mol_490,122.993,1.7897,0,0,0,0,0.0,4
mol_491,114.23199999999999,3.0786000000000016,0,0,1,0,0.0,8
mol_492,213.10499999999996,1.4112,0,6,3,1,129.42000000000002,15
mol_493,295.29800000000006,2.4086000000000007,0,4,2,2,75.81,22
mol_494,44.096999999999994,1.4163,0,0,0,0,0.0,3
mol_495,209.25299999999996,-0.1303000000000003,2,5,1,1,95.10999999999999,15
mol_496,194.23700000000002,2.970200000000001,1,2,0,3,38.91,15
mol_497,252.31599999999997,5.640400000000003,0,0,0,4,0.0,20
mol_498,370.49,5.599500000000002,1,1,2,2,20.23,20
mol_499,154.21199999999996,2.9384000000000015,0,0,0,2,0.0,12
mol_500,393.85400000000016,3.878200000000003,0,6,8,1,55.84,23
mol_501,235.90599999999998,3.2116000000000007,0,0,0,1,0.0,8
mol_502,261.064,1.4359999999999997,0,5,1,2,57.14,16
mol_503,170.211,3.0592000000000015,1,1,1,2,20.23,13
mol_504,217.26800000000003,2.709500000000001,1,2,2,1,38.33,16
mol_505,72.10700000000001,1.1664,0,1,2,0,9.23,5
mol_506,54.09199999999999,1.0295999999999998,0,0,0,0,0.0,4
mol_507,162.15200000000002,0.4283999999999998,0,5,1,2,60.790000000000006,12
mol_508,130.23099999999997,2.3376,1,1,4,0,20.23,9
mol_509,147.00400000000002,2.993400000000001,0,0,0,1,0.0,8
mol_510,324.33600000000007,2.0025999999999993,1,4,4,2,75.71,24
mol_511,361.4450000000001,-1.068879999999999,4,6,8,1,132.11999999999998,23
mol_512,131.17799999999997,2.4763200000000003,1,0,0,2,15.79,10
mol_513,162.152,0.42839999999999984,0,5,1,2,60.790000000000006,12
mol_514,223.22799999999995,1.4502,1,4,2,1,56.790000000000006,16
mol_515,185.22699999999998,0.37720000000000026,2,2,2,0,61.440000000000005,13
mol_516,41.053,0.52988,0,1,0,0,23.79,3
mol_517,301.34200000000004,3.6038000000000023,1,4,7,2,56.790000000000006,22
mol_518,293.34800000000007,1.9493400000000003,1,5,3,2,89.43,20
mol_519,167.85,2.5954000000000006,0,0,0,0,0.0,6
mol_520,74.12299999999999,0.7787999999999999,1,1,2,0,20.23,5
mol_521,232.32700000000003,3.386800000000001,2,1,2,1,41.13,17
mol_522,181.449,3.6468000000000007,0,0,0,1,0.0,9
mol_523,96.08499999999998,1.0920999999999998,0,2,1,1,30.21,7
mol_524,88.14999999999999,1.0248,1,1,2,0,20.23,6
mol_525,150.13299999999998,1.2278,0,3,1,1,35.53,11
mol_526,56.108000000000004,1.5824,0,0,0,0,0.0,4
mol_527,106.12399999999997,1.4990999999999999,0,1,1,1,17.07,8
mol_528,82.146,2.1386000000000003,0,0,1,0,0.0,6
mol_529,410.53600000000023,4.057500000000004,0,7,8,1,68.31,28
mol_530,226.235,2.4639000000000006,0,3,0,2,42.43,17
mol_531,166.22299999999998,3.2578000000000014,0,0,0,2,0.0,13
mol_532,98.18900000000001,2.5866000000000007,0,0,0,0,0.0,7
mol_533,214.25,-0.5594299999999999,4,4,2,1,122.05999999999999,14
mol_534,152.149,1.1788,1,3,1,1,46.53,11
mol_535,86.134,1.1853,0,1,0,0,9.23,6
mol_536,246.30599999999995,2.419600000000001,0,3,0,0,43.370000000000005,18
mol_537,286.28,-1.6424000000000003,5,7,4,1,119.61000000000001,20
mol_538,169.993,1.8314,0,0,1,0,0.0,4
mol_539,227.337,1.8455999999999997,2,6,5,1,62.730000000000004,15
mol_540,60.096,0.3887,1,1,1,0,20.23,4
mol_541,330.4680000000001,3.8384000000000027,1,3,1,0,54.37,24
mol_542,88.14999999999999,1.1673,1,1,2,0,20.23,6
mol_543,212.248,2.602900000000001,1,2,3,2,37.3,16
mol_544,122.16699999999999,2.0090399999999997,1,1,0,1,20.23,9
mol_545,157.55599999999998,2.2482000000000006,0,2,1,1,43.14,10
mol_546,203.245,1.0666200000000003,1,4,1,2,52.95,15
mol_547,291.99199999999996,5.967200000000002,0,0,1,2,0.0,16
mol_548,260.762,4.7574,0,0,1,0,0.0,10
mol_549,241.364,2.2356999999999996,2,6,4,1,62.730000000000004,16
mol_550,102.17699999999999,1.4149,1,1,3,0,20.23,7
mol_551,146.153,0.7282199999999999,0,4,0,2,51.56,11
mol_552,337.4630000000001,4.221000000000004,1,3,0,1,46.260000000000005,25
mol_553,184.01999999999998,2.2215,0,0,2,0,0.0,5
mol_554,207.07,3.6023000000000014,0,0,0,2,0.0,11
mol_555,780.9490000000001,2.2181000000000015,6,14,7,0,203.05999999999997,55
mol_556,146.111,2.705400000000001,0,0,0,1,0.0,10
mol_557,334.45600000000024,5.160800000000005,0,4,12,1,52.60000000000001,24
mol_558,184.263,4.054500000000002,0,1,0,3,0.0,13
mol_559,326.437,6.620600000000001,0,0,1,2,0.0,17
mol_560,360.88200000000006,7.274000000000001,0,0,1,2,0.0,18
mol_561,308.3330000000001,3.609600000000003,1,4,4,3,67.50999999999999,23
mol_562,214.264,2.4536000000000007,2,2,3,2,40.46,16
mol_563,194.18599999999995,1.2597999999999998,0,4,2,1,52.60000000000001,14
mol_564,172.26799999999997,2.910000000000001,0,2,7,0,26.3,12
mol_565,122.258,2.4076000000000004,0,2,3,0,0.0,6
mol_566,118.176,1.0594000000000001,0,2,5,0,18.46,8
mol_567,215.894,4.3002,0,0,0,1,0.0,10
mol_568,184.242,2.518,2,2,1,2,52.04,14
mol_569,98.189,2.752700000000001,0,0,4,0,0.0,7
mol_570,209.29299999999998,1.85272,2,3,5,1,57.78,15
mol_571,226.27599999999995,1.1849999999999992,2,3,4,0,75.27000000000001,16
mol_572,127.574,1.9222,1,1,0,1,26.02,8
mol_573,142.58499999999998,2.3486000000000002,0,1,1,1,9.23,9
mol_574,203.35099999999997,3.3716000000000026,0,2,6,0,20.310000000000002,13
mol_575,102.13299999999998,0.9595,0,2,4,0,26.3,7
mol_576,360.4500000000002,1.5575999999999999,3,5,2,0,94.83,26
mol_577,163.82899999999998,2.1425,0,0,0,0,0.0,4
mol_578,300.3980000000001,3.2664000000000017,0,3,0,0,51.21,22
mol_579,230.31,5.0206000000000035,0,0,2,3,0.0,18
mol_580,122.12299999999998,1.2047,1,2,1,1,37.3,9
mol_581,94.939,1.0110999999999999,0,0,0,0,0.0,2
mol_582,379.38100000000003,3.0893200000000016,1,4,4,2,80.31,24
mol_583,342.7780000000001,4.263000000000003,1,4,4,3,67.50999999999999,24
mol_584,156.22799999999998,3.4022000000000014,0,0,1,2,0.0,12
mol_585,125.13099999999999,-0.33948000000000017,2,3,0,1,71.77000000000001,9
mol_586,326.437,6.620600000000001,0,0,1,2,0.0,17
mol_587,323.133,3.5435000000000016,1,1,2,2,29.1,16
mol_588,376.36900000000014,-1.7235599999999989,5,9,5,1,161.56,27
mol_589,175.0,2.5882000000000005,0,0,0,1,0.0,8
mol_590,163.003,2.699,1,1,0,1,20.23,9
mol_591,391.2940000000001,6.113300000000004,0,3,6,2,35.53,26
mol_592,331.353,1.5810000000000002,2,5,2,2,99.60000000000001,23
mol_593,338.36300000000006,2.3927000000000005,1,4,5,2,75.71,25
mol_594,70.135,1.9505000000000001,0,0,0,0,0.0,5
mol_595,107.156,1.57722,1,1,0,1,26.02,8
mol_596,148.205,2.4237,0,1,3,1,9.23,11
mol_597,279.34,2.6670000000000007,2,3,2,1,70.67,20
mol_598,70.135,1.8284,0,0,1,0,0.0,5
mol_599,95.101,0.7871999999999999,1,2,0,1,33.120000000000005,7
mol_600,30.07,1.0262,0,0,0,0,0.0,2
mol_601,147.00399999999996,2.9934000000000003,0,0,0,1,0.0,8
mol_602,167.25799999999998,2.585,1,3,0,2,12.89,10
mol_603,498.66200000000026,9.887599999999999,0,0,1,2,0.0,22
mol_604,216.19199999999995,2.5478000000000005,0,4,1,3,52.58,16
mol_605,59.068,-0.5084,1,1,0,0,43.09,4
mol_606,142.201,3.148220000000002,0,0,0,2,0.0,11
mol_607,271.36,3.475500000000002,0,2,5,2,29.540000000000003,20
mol_608,102.17699999999999,1.4133,1,1,0,0,20.23,7
mol_609,116.15999999999998,1.3496000000000001,0,2,3,0,26.3,8
mol_610,172.18299999999996,2.0119000000000002,0,2,0,1,34.14,13
mol_611,178.23399999999998,3.993000000000002,0,0,0,3,0.0,14
mol_612,107.15599999999999,1.69844,0,1,0,1,12.89,8
mol_613,144.258,2.7293000000000016,1,1,7,0,20.23,10
mol_614,173.83499999999998,1.7337,0,0,0,0,0.0,3
mol_615,392.4670000000002,1.8957000000000002,3,5,2,0,94.83,28
mol_616,156.228,3.456640000000002,0,0,0,2,0.0,12
mol_617,217.378,3.4735000000000023,0,2,5,0,20.310000000000002,14
mol_618,227.08499999999998,-1.0200999999999996,0,9,8,0,157.11,15
mol_619,138.126,1.177,1,3,1,1,69.16,10
mol_620,92.56899999999999,2.0253,0,0,2,0,0.0,5
mol_621,430.9340000000001,2.431,2,4,6,0,64.68,22
mol_622,329.32099999999997,4.738100000000002,0,2,2,3,22.0,24
mol_623,243.309,4.728400000000002,1,1,0,4,26.02,19
mol_624,270.372,3.817400000000003,1,2,0,1,37.3,20
mol_625,269.373,3.3649000000000022,0,3,1,2,19.37,19
mol_626,58.08,0.4051,0,1,0,0,12.53,4
mol_627,281.271,2.3842999999999996,1,4,2,2,84.6,21
mol_628,132.232,0.49030000000000007,2,1,2,0,24.06,8
mol_629,197.44799999999998,3.3523999999999994,1,1,0,1,20.23,10
mol_630,116.15999999999998,1.3496000000000001,0,2,3,0,26.3,8
mol_631,93.12899999999999,1.2688000000000001,1,1,0,1,26.02,7
mol_632,156.228,3.456640000000002,0,0,0,2,0.0,12
mol_633,297.745,-0.35129999999999945,3,5,1,1,118.35999999999999,17
mol_634,152.19599999999994,3.3236000000000017,0,0,0,2,0.0,12
mol_635,144.21399999999997,2.1298000000000004,0,2,5,0,26.3,10
mol_636,211.26899999999998,1.1322999999999996,2,6,5,1,71.96000000000001,15
mol_637,252.31599999999997,5.737200000000003,0,0,0,5,0.0,20
mol_638,108.966,1.4012,0,0,0,0,0.0,3
mol_639,82.14599999999999,1.8098,0,0,0,0,0.0,6
mol_640,764.9499999999999,3.247300000000002,5,13,7,0,182.82999999999998,54
mol_641,70.13499999999999,1.9725,0,0,1,0,0.0,5
mol_642,145.16099999999997,1.9403999999999995,1,2,0,2,33.120000000000005,11
mol_643,132.20599999999996,2.5654000000000003,0,0,0,1,0.0,10
mol_644,318.32800000000003,3.560100000000002,2,4,2,3,66.76,24
mol_645,314.802,3.974100000000001,0,0,0,1,0.0,9
mol_646,321.549,4.542900000000002,0,4,4,1,27.69,16
mol_647,142.18300000000002,0.74091,2,2,0,1,48.65,9
mol_648,164.204,2.1293,1,2,3,1,29.46,12
mol_649,210.23299999999998,0.5708999999999995,2,3,3,0,75.27000000000001,15
mol_650,202.25599999999997,4.584000000000002,0,0,0,4,0.0,16
mol_651,118.176,1.4054,0,2,4,0,18.46,8
mol_652,239.702,2.6400000000000006,0,2,2,1,29.54,16
mol_653,118.17599999999999,0.7953999999999999,1,2,5,0,29.46,8
mol_654,295.336,4.8618,0,2,1,1,43.14,14
mol_655,290.447,3.959100000000003,1,2,0,0,37.3,21
mol_656,312.118,3.514400000000002,0,1,2,1,20.310000000000002,19
mol_657,129.16199999999998,2.2348,0,1,0,2,12.89,10
mol_658,184.147,0.5899999999999996,3,5,1,1,86.99000000000001,13
mol_659,306.276,0.7357999999999993,1,7,5,3,81.64999999999999,22
mol_660,169.567,1.7744999999999997,1,2,0,2,46.0,11
mol_661,395.3270000000001,7.9274000000000004,0,0,1,2,0.0,19
mol_662,142.07,-2.0785,2,4,0,0,92.34,10
mol_663,112.98700000000001,1.8540999999999999,0,0,2,0,0.0,5
mol_664,175.0,2.5882000000000005,0,0,0,1,0.0,8
mol_665,191.45499999999998,3.102500000000001,0,0,0,1,0.0,8
mol_666,86.178,2.2984,0,0,1,0,0.0,6
mol_667,56.108,1.5824,0,0,1,0,0.0,4
mol_668,360.88200000000006,7.274000000000001,0,0,1,2,0.0,18
mol_669,111.104,-0.6479000000000001,2,3,0,1,71.77000000000001,8
mol_670,187.37500000000003,2.9189,0,0,1,0,0.0,8
mol_671,55.07999999999999,0.91998,0,1,0,0,23.79,4
mol_672,320.04600000000005,5.929000000000003,0,0,3,2,0.0,18
mol_673,153.13699999999997,1.6033999999999997,0,3,2,1,52.37,11
mol_674,288.43100000000004,3.8792000000000026,1,2,0,0,37.3,21
mol_675,284.142,3.2829000000000024,0,2,1,1,37.38,18
mol_676,276.338,6.3282000000000025,0,0,0,6,0.0,22
mol_677,240.21499999999995,2.7221000000000024,1,5,4,1,106.51000000000002,17
mol_678,196.20199999999997,0.8497999999999999,0,4,2,0,44.760000000000005,14
mol_679,92.09400000000001,-1.6681000000000001,3,3,2,0,60.69,6
mol_680,124.13899999999997,1.4008,1,2,1,1,29.46,9
mol_681,350.591,4.718100000000002,0,5,6,1,40.58,18
mol_682,192.261,4.301420000000003,0,0,0,3,0.0,15
mol_683,188.23000000000002,1.4844199999999999,0,3,1,2,26.93,14
mol_684,88.14999999999999,1.4329,0,1,3,0,9.23,6
mol_685,146.153,0.7282199999999998,0,4,0,2,51.56,11
mol_686,201.661,1.3885999999999998,2,5,4,1,62.730000000000004,13
mol_687,87.12199999999999,0.0944999999999998,0,1,0,0,20.310000000000002,6
mol_688,213.31,0.7254999999999998,0,6,3,1,45.150000000000006,14
mol_689,28.053999999999995,0.8022,0,0,0,0,0.0,2
mol_690,102.17699999999999,1.4149,1,1,1,0,20.23,7
mol_691,196.20599999999996,0.3248999999999995,2,3,3,0,75.27000000000001,14
mol_692,197.448,3.3524000000000003,1,1,0,1,20.23,10
mol_693,108.13999999999997,1.6952,0,1,1,1,9.23,8
mol_694,339.21800000000013,4.180900000000003,1,3,4,2,46.53,22
mol_695,360.45000000000005,1.8457,2,5,3,0,91.67000000000002,26
mol_696,286.331,3.581000000000002,1,3,4,2,50.800000000000004,21
mol_697,120.19499999999996,2.5574200000000005,0,0,1,1,0.0,9
mol_698,118.24499999999999,2.5364000000000004,0,1,2,0,0.0,7
mol_699,168.10799999999995,1.503,0,4,2,1,86.28,12
mol_700,384.4870000000002,5.005300000000004,0,8,12,0,36.92,19
mol_701,198.22199999999998,0.40479999999999994,2,3,2,0,75.27000000000001,14
mol_702,402.48700000000025,2.560600000000001,1,6,3,0,97.74000000000001,29
mol_703,171.15599999999998,0.09201999999999994,1,5,3,1,81.19,12
mol_704,127.574,1.9222,1,1,0,1,26.02,8
mol_705,116.20399999999998,1.8050000000000002,1,1,3,0,20.23,8
mol_706,68.07499999999999,1.2795999999999998,0,1,0,1,13.14,5
mol_707,271.39,1.8621999999999999,2,7,8,1,71.96000000000001,18
mol_708,222.33199999999994,2.0822999999999996,1,1,1,0,32.34,16
mol_709,134.22199999999998,2.9841000000000015,0,0,0,1,0.0,10
mol_710,322.36400000000003,2.966800000000001,0,3,5,2,57.690000000000005,24
mol_711,402.48700000000014,2.1284,2,6,3,0,100.90000000000002,29
mol_712,74.12299999999999,1.0428,0,1,2,0,9.23,5
mol_713,102.133,0.9579,0,2,1,0,26.3,7
mol_714,157.01,2.4491000000000005,0,0,0,1,0.0,7
mol_715,166.176,1.5689,1,3,2,1,46.53,12
mol_716,352.39000000000004,2.782800000000001,1,4,6,2,75.71,26
mol_717,344.4950000000001,4.840100000000005,0,3,2,0,43.370000000000005,25
mol_718,300.36000000000007,6.919200000000002,0,0,0,7,0.0,24
mol_719,136.114,-0.35380000000000006,2,3,0,2,74.43,10
mol_720,62.499,1.3687,0,0,0,0,0.0,3
mol_721,239.318,2.9067000000000016,0,1,3,2,20.310000000000002,18
mol_722,331.62699999999995,3.1773000000000002,0,0,0,0,0.0,5
mol_723,296.374,3.1797200000000014,1,4,2,2,48.47,22
mol_724,147.13299999999998,0.5702,1,2,0,1,46.17,11
mol_725,331.202,4.0676000000000005,1,3,3,3,46.010000000000005,22
mol_726,136.14999999999998,1.4732,0,2,1,1,26.3,10
mol_727,126.115,-0.9264000000000001,1,3,0,1,54.86,9
mol_728,324.38000000000005,3.493400000000002,1,3,5,2,60.85000000000001,24
mol_729,291.9920000000001,5.967200000000002,0,0,1,2,0.0,16
mol_730,289.7440000000001,0.8788,3,4,2,1,101.28999999999999,18
mol_731,233.09799999999998,3.0869000000000018,1,1,1,1,32.34,14
mol_732,68.11900000000001,1.7265,0,0,0,0,0.0,5
mol_733,286.156,-4.819399999999998,6,8,1,0,191.0,20
mol_734,128.259,3.7569000000000026,0,0,6,0,0.0,9
mol_735,128.558,2.0456000000000003,1,1,0,1,20.23,8
mol_736,242.321,5.454620000000004,0,0,0,4,0.0,19
mol_737,122.16699999999996,2.0853,0,1,2,1,9.23,9
mol_738,176.215,2.2629,0,2,3,1,26.3,13
mol_739,216.66799999999998,1.2534200000000002,1,3,0,1,54.86,14
mol_740,315.716,3.037700000000001,1,4,2,2,84.6,22
mol_741,171.22099999999998,0.6424200000000001,1,2,1,1,60.16,11
mol_742,223.659,2.9102000000000006,1,2,2,1,38.33,15
mol_743,114.23199999999999,3.2227000000000023,0,0,4,0,0.0,8
mol_744,449.8560000000001,6.543980000000005,0,4,6,2,59.32000000000001,31
mol_745,300.3620000000001,2.0642199999999997,0,4,2,1,56.220000000000006,22
mol_746,284.74600000000004,3.153800000000002,0,2,1,2,32.67,20
mol_747,102.17699999999999,1.4133,1,1,2,0,20.23,7
mol_748,308.36100000000005,3.1003000000000016,0,5,7,1,44.760000000000005,18
mol_749,154.253,2.1935000000000002,1,1,0,0,20.23,11
mol_750,288.431,3.879200000000003,1,2,0,0,37.3,21
mol_751,100.205,2.976700000000002,0,0,4,0,0.0,7
mol_752,144.17299999999997,2.5454000000000008,1,1,0,2,20.23,11
mol_753,112.216,2.832600000000001,0,0,0,0,0.0,8
mol_754,435.48100000000034,1.2672999999999996,2,10,6,2,132.5,31
mol_755,254.33199999999997,5.244800000000004,0,0,0,4,0.0,20
mol_756,340.5070000000001,5.279700000000005,0,2,1,0,34.14,25
mol_757,114.18799999999999,2.1557000000000004,0,1,4,0,17.07,8
mol_758,183.16899999999998,1.24,1,4,3,0,55.4,10
mol_759,314.5220000000001,6.694400000000005,0,4,12,0,17.07,17
mol_760,149.149,0.0011999999999999234,1,2,0,0,46.17,11
mol_761,380.66200000000003,0.8210000000000011,3,5,2,1,118.35999999999999,20
mol_762,70.13499999999999,1.9725,0,0,0,0,0.0,5
mol_763,120.195,2.611860000000001,0,0,0,1,0.0,9
mol_764,197.448,3.3524000000000003,1,1,0,1,20.23,10
mol_765,179.22199999999998,3.388000000000001,0,1,0,3,12.89,14
mol_766,116.20399999999998,1.9475,1,1,3,0,20.23,8
mol_767,114.232,3.3668000000000022,0,0,5,0,0.0,8
mol_768,178.23399999999995,3.993000000000002,0,0,0,3,0.0,14
mol_769,108.14399999999998,0.9722000000000002,2,2,1,1,38.05,8
mol_770,58.08,0.5952999999999999,0,1,1,0,17.07,4
mol_771,112.21600000000001,3.120800000000002,0,0,0,0,0.0,8
mol_772,208.21699999999996,0.49099999999999966,2,3,4,0,75.27000000000001,15
mol_773,119.37800000000001,1.9864,0,0,0,0,0.0,4
mol_774,128.15599999999998,0.05860000000000004,2,3,0,1,45.75,8
mol_775,328.84299999999996,5.316700000000004,1,1,4,2,32.34,23
mol_776,96.17300000000002,2.5067000000000004,0,0,0,0,0.0,7
mol_777,128.21499999999997,2.401700000000001,0,1,5,0,17.07,9
mol_778,260.24499999999995,2.8648200000000017,0,5,2,3,61.81,19
mol_779,226.27599999999995,1.1849999999999992,2,3,4,0,75.27000000000001,16
mol_780,252.31599999999997,5.640400000000003,0,0,0,4,0.0,20
mol_781,100.16099999999999,1.6215,0,1,3,0,17.07,7
mol_782,102.17699999999999,1.823,0,1,4,0,9.23,7
mol_783,214.39299999999994,4.679800000000005,1,1,12,0,20.23,15
mol_784,197.44799999999998,3.3523999999999994,1,1,0,1,20.23,10
mol_785,60.056,-0.9762,2,1,0,0,69.11,4
mol_786,68.11899999999999,1.4197,0,0,1,0,0.0,5
mol_787,235.90599999999998,3.2116000000000007,0,0,0,1,0.0,8
mol_788,270.50099999999986,6.240200000000008,1,1,16,0,20.23,19
mol_789,135.16599999999997,1.6449999999999998,1,1,1,1,29.1,10
mol_790,300.266,1.3295999999999997,4,6,0,1,107.22000000000001,22
mol_791,137.14200000000002,-0.3149000000000001,2,3,1,1,68.01,10
mol_792,354.8749999999999,3.995,1,1,0,0,20.23,17
mol_793,116.15999999999998,1.2055,0,2,4,0,26.3,8
mol_794,120.15099999999995,1.8892,0,1,1,1,17.07,9
mol_795,256.308,4.450000000000003,0,2,1,4,25.78,20
mol_796,182.15599999999998,2.2039999999999997,0,4,6,0,44.760000000000005,11
mol_797,152.237,2.401700000000001,0,1,0,0,17.07,11
mol_798,162.152,0.42839999999999984,0,5,1,2,60.790000000000006,12
mol_799,338.876,5.024200000000001,0,0,0,0,0.0,16
mol_800,89.094,0.6715,0,2,1,0,43.14,6
mol_801,167.21099999999998,3.3211000000000013,1,0,0,3,15.79,13
mol_802,122.11999999999999,-2.3071999999999995,4,4,3,0,80.92,8
mol_803,179.21899999999997,1.8356,1,3,3,1,52.32,13
mol_804,223.16499999999996,1.0536999999999999,1,5,5,0,73.86,14
mol_805,99.089,-0.577,1,2,0,0,46.17,7
mol_806,100.20499999999998,2.6885000000000012,0,0,2,0,0.0,7
mol_807,316.4270000000001,1.74462,1,6,8,1,84.42,21
mol_808,270.361,2.759900000000001,0,4,1,2,32.260000000000005,19
mol_809,239.274,3.4590000000000023,0,2,1,2,29.54,18
mol_810,86.134,1.1869,0,1,0,0,9.23,6
mol_811,96.17299999999999,2.1999000000000004,0,0,3,0,0.0,7
mol_812,244.28999999999994,3.3103000000000025,0,3,3,2,39.44,18
mol_813,268.3589999999999,5.553220000000004,0,0,0,4,0.0,21
mol_814,150.177,1.8633,0,2,2,1,26.3,11
mol_815,92.569,1.8812,0,0,1,0,0.0,5
mol_816,296.41,3.6126000000000023,2,2,0,1,40.46,22
mol_817,214.34899999999996,4.080300000000003,0,2,10,0,26.3,15
mol_818,118.24499999999999,2.539600000000001,0,1,4,0,0.0,7
mol_819,228.29399999999998,5.146200000000003,0,0,0,4,0.0,18
mol_820,151.047,2.5715000000000012,0,0,3,0,0.0,6
mol_821,98.18899999999998,2.752700000000001,0,0,3,0,0.0,7
mol_822,171.15599999999998,0.09201999999999994,1,5,3,1,81.19,12
mol_823,140.26999999999998,3.7569000000000026,0,0,4,0,0.0,10
mol_824,360.88200000000006,7.274000000000001,0,0,1,2,0.0,18
mol_825,198.22199999999998,0.4047999999999994,2,3,2,0,75.27000000000001,14
mol_826,133.405,2.376500000000001,0,0,0,0,0.0,5
mol_827,214.652,2.365100000000001,1,2,2,1,41.57,14
mol_828,196.206,0.3029,2,3,0,0,75.27,14
mol_829,211.26099999999994,1.9576,0,3,1,0,46.61,15
mol_830,171.03700000000003,2.7575200000000013,0,0,0,1,0.0,8
mol_831,74.123,1.0428000000000002,0,1,2,0,9.23,5
mol_832,330.17100000000005,2.880000000000001,1,3,2,1,69.72,21
mol_833,335.28200000000004,4.148200000000004,0,5,7,1,89.51999999999998,23
mol_834,136.194,2.3174600000000005,1,1,0,1,20.23,10
mol_835,78.11399999999999,1.6866,0,0,0,1,0.0,6
mol_836,238.45499999999998,2.944600000000001,0,0,0,1,0.0,8
mol_837,228.67899999999997,2.4421,1,2,2,1,41.57,15
mol_838,211.69200000000004,2.666800000000001,0,1,3,1,20.310000000000002,14
mol_839,104.15199999999997,2.3296,0,0,1,1,0.0,8
mol_840,76.095,0.23670000000000002,0,2,2,0,18.46,5
mol_841,106.16799999999999,2.30344,0,0,0,1,0.0,8
mol_842,74.12299999999999,0.7771999999999999,1,1,1,0,20.23,5
mol_843,110.11199999999998,1.0977999999999999,2,2,0,1,40.46,8
mol_844,288.387,2.5800000000000005,3,3,0,1,60.69,21
mol_845,216.283,4.411000000000002,0,0,0,3,0.0,17
mol_846,100.077,-1.1742,2,2,0,0,58.2,7
mol_847,194.27399999999992,3.220600000000001,2,2,5,1,40.46,14
mol_848,162.27899999999997,1.7553,0,2,5,0,17.07,9
mol_849,362.77100000000013,4.4311200000000035,0,6,6,2,57.9,22
mol_850,256.348,5.763040000000004,0,0,0,4,0.0,20
mol_851,476.5850000000002,3.636800000000003,2,6,6,0,100.90000000000002,34
mol_852,168.112,-1.7672000000000003,4,3,0,2,114.36999999999998,12
mol_853,231.89299999999997,4.005799999999999,1,1,0,1,20.23,11
mol_854,147.004,2.993400000000001,0,0,0,1,0.0,8
mol_855,354.491,6.495500000000002,0,0,2,2,0.0,19
mol_856,102.13299999999998,0.8154,0,2,3,0,26.3,7
mol_857,124.208,2.408500000000001,0,1,1,1,0.0,8
mol_858,322.29,3.5275200000000018,1,4,1,2,58.120000000000005,23
mol_859,86.178,2.5866000000000007,0,0,3,0,0.0,6
mol_860,137.138,0.8681999999999999,0,3,1,1,39.19,10
mol_861,421.4220000000001,1.6254,3,5,3,2,118.35999999999999,27
mol_862,360.88200000000006,7.274,0,0,1,2,0.0,18
mol_863,286.11400000000003,3.4213000000000022,0,3,2,1,46.61,18
mol_864,240.698,1.6708799999999997,2,6,4,1,86.52,16
mol_865,228.29399999999998,5.146200000000003,0,0,0,4,0.0,18
mol_866,266.34,4.604600000000004,2,2,3,2,40.46,20
mol_867,390.5640000000003,6.433000000000007,0,4,14,1,52.60000000000001,28
mol_868,107.15599999999998,1.644,0,1,1,1,12.89,8
mol_869,380.784,3.651200000000001,0,4,5,0,44.760000000000005,13
mol_870,154.21199999999996,3.353600000000002,0,0,1,2,0.0,12
mol_871,360.88200000000006,7.274000000000001,0,0,1,2,0.0,18
mol_872,210.285,0.0696000000000001,0,6,3,1,48.39000000000001,15
mol_873,116.20399999999998,1.8034,1,1,2,0,20.23,8
mol_874,210.23299999999998,0.6929999999999998,2,3,0,0,75.27,15
mol_875,180.156,-3.2197999999999998,5,6,2,0,110.38000000000001,12
mol_876,122.16699999999997,2.0090399999999997,1,1,0,1,20.23,9
mol_877,258.104,3.130700000000001,1,2,2,1,38.33,16
mol_878,169.611,2.2984,1,1,1,1,29.1,11
mol_879,395.3270000000001,7.9274000000000004,0,0,1,2,0.0,19
mol_880,86.17799999999998,2.442500000000001,0,0,0,0,0.0,6
mol_881,107.15599999999998,1.7283,1,1,1,1,12.03,8
mol_882,68.119,1.7485,0,0,2,0,0.0,5
mol_883,404.5030000000002,2.3524000000000003,2,6,3,0,100.90000000000002,29
mol_884,198.134,1.5170200000000003,1,5,2,1,106.51000000000002,14
mol_885,321.163,3.101300000000001,2,3,1,2,61.690000000000005,21
mol_886,128.558,2.0456,1,1,0,1,20.23,8
mol_887,191.45499999999998,3.102500000000001,0,0,0,1,0.0,8
mol_888,295.72900000000004,-0.06089999999999923,2,5,1,1,118.69,17
mol_889,170.16799999999998,-0.2313000000000005,2,3,1,0,75.27000000000001,12
mol_890,138.16599999999997,1.0576999999999999,1,2,3,1,29.46,10
mol_891,168.239,3.277400000000002,0,0,2,2,0.0,13
mol_892,130.23099999999997,2.3376,1,1,5,0,20.23,9
mol_893,421.7340000000001,5.340800000000003,0,5,6,2,89.51999999999998,28
mol_894,229.71500000000003,2.1655999999999995,2,5,4,1,62.730000000000004,15
mol_895,102.17699999999999,1.4149,1,1,3,0,20.23,7
mol_896,116.20399999999998,1.9475000000000002,1,1,3,0,20.23,8
mol_897,106.16799999999996,2.2490000000000006,0,0,1,1,0.0,8
mol_898,224.25999999999996,1.1050999999999993,2,3,3,0,75.27000000000001,16
mol_899,373.3209999999999,5.2415,0,0,0,0,0.0,17
mol_900,303.156,1.6836,2,3,4,0,75.27000000000001,17
mol_901,349.43000000000006,5.268980000000004,0,4,5,2,59.32000000000001,26
mol_902,310.47800000000007,5.062000000000006,0,3,10,0,35.53,22
mol_903,102.133,0.9595,0,2,2,0,26.3,7
mol_904,241.364,2.2340999999999998,2,6,5,1,62.730000000000004,16
mol_905,236.702,2.825400000000001,1,1,2,1,32.34,16
mol_906,156.22799999999998,3.456640000000002,0,0,0,2,0.0,12
mol_907,257.547,5.313800000000001,0,0,1,2,0.0,15
mol_908,360.88200000000006,7.274000000000001,0,0,1,2,0.0,18
mol_909,84.082,-1.2591199999999998,2,2,0,0,88.19,6
mol_910,164.375,1.5908000000000002,0,2,0,0,43.14,7
mol_911,223.102,4.660400000000003,0,0,1,2,0.0,14
mol_912,136.14999999999998,1.5076999999999998,0,2,2,1,26.3,10
mol_913,180.16299999999998,1.5531999999999997,1,3,2,1,72.24000000000001,13
mol_914,158.24099999999999,2.5199000000000007,0,2,6,0,26.3,11
mol_915,151.165,1.3505999999999998,2,2,1,1,49.33,11
mol_916,118.13899999999998,1.5629,1,1,0,2,28.68,9
mol_917,434.50400000000025,2.4188000000000005,2,6,2,0,93.06000000000002,31
mol_918,151.129,-0.7716000000000003,3,4,0,2,100.44999999999999,11
mol_919,74.07900000000001,0.1792999999999999,0,2,0,0,26.3,5
mol_920,290.44699999999995,3.9591000000000034,1,2,0,0,37.3,21
mol_921,100.16099999999999,1.3334,1,1,3,0,20.23,7
mol_922,511.5810000000002,4.289400000000002,2,5,5,4,92.18,39
mol_923,130.231,2.603200000000001,0,1,6,0,9.23,9
mol_924,186.33899999999997,3.8996000000000035,1,1,10,0,20.23,13
mol_925,313.36100000000005,1.6287999999999996,2,6,4,2,81.59000000000002,23
mol_926,102.17699999999998,1.5574,1,1,2,0,20.23,7
mol_927,129.09399999999997,-0.5088000000000001,2,3,0,1,71.77,9
mol_928,293.40700000000004,3.8884000000000034,0,4,9,1,38.77,21
mol_929,130.231,2.3376000000000006,1,1,4,0,20.23,9
mol_930,162.27599999999998,3.5371200000000025,0,0,0,1,0.0,12
mol_931,150.22099999999998,2.824020000000002,1,1,1,1,20.23,11
mol_932,132.12599999999998,0.41979999999999984,0,4,0,2,51.56,10
mol_933,291.26500000000004,3.2711000000000023,0,6,7,1,70.83000000000001,18
mol_934,16.043,0.6361,0,0,0,0,0.0,1
mol_935,119.16699999999999,1.6545999999999998,1,1,0,1,12.03,9
mol_936,173.171,2.748000000000001,0,2,1,2,43.14,13
mol_937,100.16099999999999,1.6215,0,1,2,0,17.07,7
mol_938,151.129,-0.3593,3,5,0,2,100.71000000000001,11
mol_939,527.4140000000002,7.183700000000006,2,4,6,5,70.67,35
mol_940,61.040000000000006,-0.10710000000000008,0,2,0,0,43.14,4
mol_941,304.66999999999996,4.843900000000003,0,2,4,0,20.310000000000002,16
mol_942,82.14599999999999,2.1386000000000003,0,0,3,0,0.0,6
mol_943,117.15099999999997,2.1678999999999995,1,0,0,2,15.79,9
mol_944,286.415,4.087400000000003,0,2,0,0,34.14,21
mol_945,84.16199999999999,2.3626000000000005,0,0,3,0,0.0,6
mol_946,354.8150000000001,2.5621400000000008,3,4,3,2,109.48999999999998,23
mol_947,112.21600000000001,2.976700000000002,0,0,1,0,0.0,8
mol_948,142.242,2.935900000000001,0,1,6,0,17.07,10
mol_949,295.298,2.972200000000001,2,4,3,3,84.07999999999998,22
mol_950,213.66400000000002,3.2969000000000017,1,2,2,1,38.33,14
mol_951,288.73800000000006,2.878000000000001,0,4,1,2,49.330000000000005,20
mol_952,201.225,2.5580000000000007,1,2,1,2,38.33,15
mol_953,26.037999999999997,0.24939999999999998,0,0,0,0,0.0,2
mol_954,107.15599999999998,1.69844,0,1,0,1,12.89,8
mol_955,80.12999999999998,1.8926,0,0,0,0,0.0,6
mol_956,329.3800000000001,2.6320000000000006,0,7,8,0,65.07000000000001,19
mol_957,122.16699999999996,1.7399,1,1,1,1,20.23,9
mol_958,112.98700000000001,1.8525,0,0,1,0,0.0,5
mol_959,126.19899999999998,2.3218000000000005,0,1,4,0,17.07,9
mol_960,274.413,3.7702000000000027,0,5,9,0,18.46,14
mol_961,344.4950000000001,4.840100000000005,0,3,1,0,43.370000000000005,25
mol_962,257.547,5.313800000000001,0,0,1,2,0.0,15
mol_963,310.687,3.5801000000000016,2,2,2,2,58.2,21
mol_964,289.54499999999996,5.144700000000002,1,2,2,2,29.46,17
mol_965,390.5640000000002,6.433000000000008,0,4,14,1,52.60000000000001,28
mol_966,346.46700000000016,2.666700000000002,2,4,2,0,74.6,25
mol_967,120.19499999999998,2.611860000000001,0,0,0,1,0.0,9
mol_968,390.56400000000036,6.721200000000008,0,4,16,1,52.60000000000001,28
mol_969,228.41999999999993,5.069900000000006,1,1,13,0,20.23,16
mol_970,291.99199999999996,5.967200000000002,0,0,1,2,0.0,16
mol_971,156.141,-0.6214000000000004,2,3,0,0,75.27000000000001,11
mol_972,169.993,1.8298,0,0,0,0,0.0,4
mol_973,168.10799999999995,1.503,0,4,2,1,86.28,12
mol_974,86.13399999999999,1.2314,0,1,1,0,17.07,6
mol_975,226.44799999999992,6.487600000000007,0,0,13,0,0.0,16
mol_976,154.253,2.7441000000000013,0,1,0,0,9.23,11
mol_977,189.24300000000002,2.25242,0,4,0,3,30.19,13
mol_978,128.21499999999997,2.5458000000000007,0,1,5,0,17.07,9
mol_979,172.268,2.910000000000001,0,2,7,0,26.3,12
mol_980,114.094,1.9647999999999999,0,0,0,1,0.0,8
mol_981,258.233,0.08779999999999949,1,4,1,1,83.55000000000001,19
mol_982,335.28200000000004,4.148200000000004,0,5,7,1,89.51999999999998,23
mol_983,46.069,-0.0014000000000000123,1,1,0,0,20.23,3
mol_984,182.179,-0.08720000000000011,2,3,0,0,75.27,13
mol_985,236.271,1.7597,2,3,4,1,67.42999999999999,17
mol_986,350.4580000000001,5.760500000000005,0,3,6,2,35.53,26
mol_987,198.30999999999992,2.3705,1,1,1,0,32.34,14
mol_988,545.5460000000002,6.222999999999999,0,0,0,0,0.0,22
mol_989,193.128,3.741800000000003,0,0,6,0,0.0,9
mol_990,290.323,2.572400000000001,2,5,4,2,85.25,21
mol_991,231.299,1.55042,0,4,2,2,30.17,17
mol_992,88.15,1.1673,1,1,2,0,20.23,6
mol_993,137.138,1.90322,0,2,1,1,43.14,10
mol_994,102.17699999999999,1.4149,1,1,3,0,20.23,7
mol_995,314.42500000000007,2.607400000000001,2,3,0,0,57.53,23
mol_996,428.12000000000006,4.3991000000000025,1,3,4,2,46.53,22
mol_997,221.647,1.4681,1,4,1,2,60.91,15
mol_998,88.14999999999998,1.1673,1,1,1,0,20.23,6
mol_999,108.13999999999999,1.7006199999999998,1,1,0,1,20.23,8
